Date,BPM,Weight,Fatigue,Stiffness,Back Pain,Sleep,Joint Pain,Mobility,Daily Function,Swelling,Flare,Mood,Irritability,Notes
2025-12-01,68,75.0,4,2,5,9,3,9,6,1,No,6,2,Weather change affecting symptoms
2025-12-02,74,74.9,2,1,3,6,1,7,8,1,No,5,4,Feeling good today
2025-12-03,64,75.0,4,2,2,9,4,9,9,3,No,5,2,Good mobility today
2025-12-04,64,75.0,5,3,3,8,2,9,8,1,No,5,3,Rest day
2025-12-05,80,74.8,5,5,2,7,3,7,9,1,No,6,3,Good mobility today
2025-12-06,83,74.6,8,10,7,5,9,4,3,7,Yes,6,8,Feeling tired
2025-12-07,76,74.5,8,6,8,3,6,4,7,7,Yes,3,6,Symptoms improving
2025-12-08,63,74.5,2,1,3,6,1,6,7,1,No,7,4,
2025-12-09,66,74.6,2,1,1,8,2,7,7,2,No,8,3,
2025-12-10,68,74.6,4,3,4,9,2,9,6,2,No,5,4,Symptoms improving
2025-12-11,72,74.9,5,5,4,9,1,8,8,1,No,8,4,Feeling tired
2025-12-12,73,74.8,6,7,9,3,5,6,3,5,Yes,5,6,Weather change affecting symptoms
2025-12-13,85,74.8,9,6,10,4,6,5,3,8,Yes,3,7,Morning stiffness was manageable
2025-12-14,78,74.8,5,8,6,6,9,4,5,8,Yes,4,6,Rest day
2025-12-15,77,74.6,7,8,10,5,6,3,3,8,Yes,6,7,
2025-12-16,71,74.5,3,3,2,7,1,9,8,1,No,8,1,
2025-12-17,60,74.6,3,5,3,6,3,7,7,1,No,8,2,Good mobility today
2025-12-18,71,74.7,9,6,7,3,8,3,3,7,Yes,5,5,Morning stiffness was manageable
2025-12-19,78,74.8,6,6,6,5,6,6,3,6,Yes,4,7,Need more rest
2025-12-20,95,74.6,7,7,6,3,8,3,3,6,Yes,3,5,Symptoms improving
2025-12-21,79,74.6,9,8,6,3,8,4,6,5,Yes,5,7,Good mobility today
2025-12-22,84,74.3,7,8,10,3,5,6,6,4,Yes,4,8,Pain medication helped
2025-12-23,65,74.1,6,5,2,9,4,8,9,3,No,6,3,Pain medication helped
2025-12-24,94,74.2,7,7,8,4,7,3,3,8,Yes,6,8,
2025-12-25,77,74.0,9,7,8,3,7,3,6,8,Yes,3,8,Slept well
2025-12-26,88,74.3,8,10,7,6,9,4,5,6,Yes,3,9,Rest day
2025-12-27,87,74.4,5,9,7,3,6,6,3,6,Yes,6,5,Challenging day
2025-12-28,76,74.6,2,4,4,8,2,9,6,1,No,9,1,
2025-12-29,63,74.3,5,1,1,9,4,6,7,2,No,6,2,Rest day
2025-12-30,80,74.6,3,4,5,9,2,6,8,1,No,9,1,Pain medication helped
